Code Domaine,Domaine,Code zone,Zone,Code Élément,Élément,Code Produit,Produit,Code année,Année,Unité,Valeur,Symbole,Description du Symbole,Note
"MK","Indicateurs macro","2","Afghanistan","6110","Valeur (US $)","22008","Produit Intérieur Brut","2013","2013","millions","21610.35758","X","Sources internationales sûres","Data from UNSD AMA"
"MK","Indicateurs macro","202","Afrique du Sud","6110","Valeur (US $)","22008","Produit Intérieur Brut","2013","2013","millions","366625.73212","X","Sources internationales sûres","Data from UNSD AMA"
"MK","Indicateurs macro","3","Albanie","6110","Valeur (US $)","22008","Produit Intérieur Brut","2013","2013","millions","12776.280738","X","Sources internationales sûres","Data from UNSD AMA"
"MK","Indicateurs macro","4","Algérie","6110","Valeur (US $)","22008","Produit Intérieur Brut","2013","2013","millions","209783.49836","X","Sources internationales sûres","Data from UNSD AMA"
"MK","Indicateurs macro","79","Allemagne","6110","Valeur (US $)","22008","Produit Intérieur Brut","2013","2013","millions","3752513.5033","X","Sources internationales sûres","Data from UNSD AMA"
"MK","Indicateurs macro","6","Andorre","6110","Valeur (US $)","22008","Produit Intérieur Brut","2013","2013","millions","3281.763085","X","Sources internationales sûres","Data from UNSD AMA"
"MK","Indicateurs macro","7","Angola","6110","Valeur (US $)","22008","Produit Intérieur Brut","2013","2013","millions","136709.89652","X","Sources internationales sûres","Data from UNSD AMA"
"MK","Indicateurs macro","258","Anguilla","6110","Valeur (US $)","22008","Produit Intérieur Brut","2013","2013","millions","281.991714","X","Sources internationales sûres","Data from UNSD AMA"
"MK","Indicateurs macro","8","Antigua-et-Barbuda","6110","Valeur (US $)","22008","Produit Intérieur Brut","2013","2013","millions","1195.885185","X","Sources internationales sûres","Data from UNSD AMA"
"MK","Indicateurs macro","194","Arabie saoudite","6110","Valeur (US $)","22008","Produit Intérieur Brut","2013","2013","millions","746647.12741","X","Sources internationales sûres","Data from UNSD AMA"
"MK","Indicateurs macro","9","Argentine","6110","Valeur (US $)","22008","Produit Intérieur Brut","2013","2013","millions","613316.02736","X","Sources internationales sûres","Data from UNSD AMA"
"MK","Indicateurs macro","1","Arménie","6110","Valeur (US $)","22008","Produit Intérieur Brut","2013","2013","millions","11121.46443","X","Sources internationales sûres","Data from UNSD AMA"
"MK","Indicateurs macro","22","Aruba","6110","Valeur (US $)","22008","Produit Intérieur Brut","2013","2013","millions","2581.564246","X","Sources internationales sûres","Data from UNSD AMA"
"MK","Indicateurs macro","10","Australie","6110","Valeur (US $)","22008","Produit Intérieur Brut","2013","2013","millions","1534923.5858","X","Sources internationales sûres","Data from UNSD AMA"
"MK","Indicateurs macro","11","Autriche","6110","Valeur (US $)","22008","Produit Intérieur Brut","2013","2013","millions","430068.71297","X","Sources internationales sûres","Data from UNSD AMA"
"MK","Indicateurs macro","52","Azerbaïdjan","6110","Valeur (US $)","22008","Produit Intérieur Brut","2013","2013","millions","74160.553009","X","Sources internationales sûres","Data from UNSD AMA"
"MK","Indicateurs macro","12","Bahamas","6110","Valeur (US $)","22008","Produit Intérieur Brut","2013","2013","millions","10677.2","X","Sources internationales sûres","Data from UNSD AMA"
"MK","Indicateurs macro","13","Bahreïn","6110","Valeur (US $)","22008","Produit Intérieur Brut","2013","2013","millions","32539.557497","X","Sources internationales sûres","Data from UNSD AMA"
"MK","Indicateurs macro","16","Bangladesh","6110","Valeur (US $)","22008","Produit Intérieur Brut","2013","2013","millions","153504.93485","X","Sources internationales sûres","Data from UNSD AMA"
"MK","Indicateurs macro","14","Barbade","6110","Valeur (US $)","22008","Produit Intérieur Brut","2013","2013","millions","4451.05","X","Sources internationales sûres","Data from UNSD AMA"
"MK","Indicateurs macro","57","Bélarus","6110","Valeur (US $)","22008","Produit Intérieur Brut","2013","2013","millions","75527.534437","X","Sources internationales sûres","Data from UNSD AMA"
"MK","Indicateurs macro","255","Belgique","6110","Valeur (US $)","22008","Produit Intérieur Brut","2013","2013","millions","520925.7345","X","Sources internationales sûres","Data from UNSD AMA"
"MK","Indicateurs macro","23","Belize","6110","Valeur (US $)","22008","Produit Intérieur Brut","2013","2013","millions","1613.706","X","Sources internationales sûres","Data from UNSD AMA"
"MK","Indicateurs macro","53","Bénin","6110","Valeur (US $)","22008","Produit Intérieur Brut","2013","2013","millions","9110.745403","X","Sources internationales sûres","Data from UNSD AMA"
"MK","Indicateurs macro","17","Bermudes","6110","Valeur (US $)","22008","Produit Intérieur Brut","2013","2013","millions","5670.091","X","Sources internationales sûres","Data from UNSD AMA"
"MK","Indicateurs macro","18","Bhoutan","6110","Valeur (US $)","22008","Produit Intérieur Brut","2013","2013","millions","1798.331398","X","Sources internationales sûres","Data from UNSD AMA"
"MK","Indicateurs macro","19","Bolivie (État plurinational de)","6110","Valeur (US $)","22008","Produit Intérieur Brut","2013","2013","millions","30659.33888","X","Sources internationales sûres","Data from UNSD AMA"
"MK","Indicateurs macro","80","Bosnie-Herzégovine","6110","Valeur (US $)","22008","Produit Intérieur Brut","2013","2013","millions","18179.104674","X","Sources internationales sûres","Data from UNSD AMA"
"MK","Indicateurs macro","20","Botswana","6110","Valeur (US $)","22008","Produit Intérieur Brut","2013","2013","millions","14901.736207","X","Sources internationales sûres","Data from UNSD AMA"
"MK","Indicateurs macro","21","Brésil","6110","Valeur (US $)","22008","Produit Intérieur Brut","2013","2013","millions","2472819.3623","X","Sources internationales sûres","Data from UNSD AMA"
"MK","Indicateurs macro","26","Brunéi Darussalam","6110","Valeur (US $)","22008","Produit Intérieur Brut","2013","2013","millions","18094.152875","X","Sources internationales sûres","Data from UNSD AMA"
"MK","Indicateurs macro","27","Bulgarie","6110","Valeur (US $)","22008","Produit Intérieur Brut","2013","2013","millions","55760.015382","X","Sources internationales sûres","Data from UNSD AMA"
"MK","Indicateurs macro","233","Burkina Faso","6110","Valeur (US $)","22008","Produit Intérieur Brut","2013","2013","millions","11947.175436","X","Sources internationales sûres","Data from UNSD AMA"
"MK","Indicateurs macro","29","Burundi","6110","Valeur (US $)","22008","Produit Intérieur Brut","2013","2013","millions","2451.62528","X","Sources internationales sûres","Data from UNSD AMA"
"MK","Indicateurs macro","35","Cabo Verde","6110","Valeur (US $)","22008","Produit Intérieur Brut","2013","2013","millions","1850.952141","X","Sources internationales sûres","Data from UNSD AMA"
"MK","Indicateurs macro","115","Cambodge","6110","Valeur (US $)","22008","Produit Intérieur Brut","2013","2013","millions","15449.624434","X","Sources internationales sûres","Data from UNSD AMA"
"MK","Indicateurs macro","32","Cameroun","6110","Valeur (US $)","22008","Produit Intérieur Brut","2013","2013","millions","32348.147495","X","Sources internationales sûres","Data from UNSD AMA"
"MK","Indicateurs macro","33","Canada","6110","Valeur (US $)","22008","Produit Intérieur Brut","2013","2013","millions","1842627.0348","X","Sources internationales sûres","Data from UNSD AMA"
"MK","Indicateurs macro","40","Chili","6110","Valeur (US $)","22008","Produit Intérieur Brut","2013","2013","millions","278384.34526","X","Sources internationales sûres","Data from UNSD AMA"
"MK","Indicateurs macro","96","Chine - RAS de Hong-Kong","6110","Valeur (US $)","22008","Produit Intérieur Brut","2013","2013","millions","275696.87983","X","Sources internationales sûres","Data from UNSD AMA"
"MK","Indicateurs macro","128","Chine - RAS de Macao","6110","Valeur (US $)","22008","Produit Intérieur Brut","2013","2013","millions","51552.364121","X","Sources internationales sûres","Data from UNSD AMA"
"MK","Indicateurs macro","41","Chine, continentale","6110","Valeur (US $)","22008","Produit Intérieur Brut","2013","2013","millions","9635025.5555","X","Sources internationales sûres","Data from UNSD AMA"
"MK","Indicateurs macro","50","Chypre","6110","Valeur (US $)","22008","Produit Intérieur Brut","2013","2013","millions","24085.877776","X","Sources internationales sûres","Data from UNSD AMA"
"MK","Indicateurs macro","44","Colombie","6110","Valeur (US $)","22008","Produit Intérieur Brut","2013","2013","millions","380191.87635","X","Sources internationales sûres","Data from UNSD AMA"
"MK","Indicateurs macro","45","Comores","6110","Valeur (US $)","22008","Produit Intérieur Brut","2013","2013","millions","1259.902646","X","Sources internationales sûres","Data from UNSD AMA"
"MK","Indicateurs macro","46","Congo","6110","Valeur (US $)","22008","Produit Intérieur Brut","2013","2013","millions","14021.61662","X","Sources internationales sûres","Data from UNSD AMA"
"MK","Indicateurs macro","48","Costa Rica","6110","Valeur (US $)","22008","Produit Intérieur Brut","2013","2013","millions","49745.08487","X","Sources internationales sûres","Data from UNSD AMA"
"MK","Indicateurs macro","107","Côte d'Ivoire","6110","Valeur (US $)","22008","Produit Intérieur Brut","2013","2013","millions","31271.2955","X","Sources internationales sûres","Data from UNSD AMA"
"MK","Indicateurs macro","98","Croatie","6110","Valeur (US $)","22008","Produit Intérieur Brut","2013","2013","millions","58086.12657","X","Sources internationales sûres","Data from UNSD AMA"
"MK","Indicateurs macro","49","Cuba","6110","Valeur (US $)","22008","Produit Intérieur Brut","2013","2013","millions","77148","X","Sources internationales sûres","Data from UNSD AMA"
"MK","Indicateurs macro","279","Curaçao","6110","Valeur (US $)","22008","Produit Intérieur Brut","2013","2013","millions","3147.616183","X","Sources internationales sûres","Data from UNSD AMA"
"MK","Indicateurs macro","54","Danemark","6110","Valeur (US $)","22008","Produit Intérieur Brut","2013","2013","millions","343584.38559","X","Sources internationales sûres","Data from UNSD AMA"
"MK","Indicateurs macro","72","Djibouti","6110","Valeur (US $)","22008","Produit Intérieur Brut","2013","2013","millions","1392.699793","X","Sources internationales sûres","Data from UNSD AMA"
"MK","Indicateurs macro","55","Dominique","6110","Valeur (US $)","22008","Produit Intérieur Brut","2013","2013","millions","501.979277","X","Sources internationales sûres","Data from UNSD AMA"
"MK","Indicateurs macro","59","Égypte","6110","Valeur (US $)","22008","Produit Intérieur Brut","2013","2013","millions","268367.21698","X","Sources internationales sûres","Data from UNSD AMA"
"MK","Indicateurs macro","60","El Salvador","6110","Valeur (US $)","22008","Produit Intérieur Brut","2013","2013","millions","24350.927311","X","Sources internationales sûres","Data from UNSD AMA"
"MK","Indicateurs macro","225","Émirats arabes unis","6110","Valeur (US $)","22008","Produit Intérieur Brut","2013","2013","millions","390107.52848","X","Sources internationales sûres","Data from UNSD AMA"
"MK","Indicateurs macro","58","Équateur","6110","Valeur (US $)","22008","Produit Intérieur Brut","2013","2013","millions","95129.659","X","Sources internationales sûres","Data from UNSD AMA"
"MK","Indicateurs macro","178","Érythrée","6110","Valeur (US $)","22008","Produit Intérieur Brut","2013","2013","millions","3502.366233","X","Sources internationales sûres","Data from UNSD AMA"
"MK","Indicateurs macro","203","Espagne","6110","Valeur (US $)","22008","Produit Intérieur Brut","2013","2013","millions","1361854.2065","X","Sources internationales sûres","Data from UNSD AMA"
"MK","Indicateurs macro","63","Estonie","6110","Valeur (US $)","22008","Produit Intérieur Brut","2013","2013","millions","25137.182758","X","Sources internationales sûres","Data from UNSD AMA"
"MK","Indicateurs macro","231","États-Unis d'Amérique","6110","Valeur (US $)","22008","Produit Intérieur Brut","2013","2013","millions","16691517","X","Sources internationales sûres","Data from UNSD AMA"
"MK","Indicateurs macro","238","Éthiopie","6110","Valeur (US $)","22008","Produit Intérieur Brut","2013","2013","millions","46542.005272","X","Sources internationales sûres","Data from UNSD AMA"
"MK","Indicateurs macro","185","Fédération de Russie","6110","Valeur (US $)","22008","Produit Intérieur Brut","2013","2013","millions","2230625.0047","X","Sources internationales sûres","Data from UNSD AMA"
"MK","Indicateurs macro","66","Fidji","6110","Valeur (US $)","22008","Produit Intérieur Brut","2013","2013","millions","4190.170568","X","Sources internationales sûres","Data from UNSD AMA"
"MK","Indicateurs macro","67","Finlande","6110","Valeur (US $)","22008","Produit Intérieur Brut","2013","2013","millions","269980.11164","X","Sources internationales sûres","Data from UNSD AMA"
"MK","Indicateurs macro","68","France","6110","Valeur (US $)","22008","Produit Intérieur Brut","2013","2013","millions","2808511.2032","X","Sources internationales sûres","Data from UNSD AMA"
"MK","Indicateurs macro","74","Gabon","6110","Valeur (US $)","22008","Produit Intérieur Brut","2013","2013","millions","17026.960089","X","Sources internationales sûres","Data from UNSD AMA"
"MK","Indicateurs macro","75","Gambie","6110","Valeur (US $)","22008","Produit Intérieur Brut","2013","2013","millions","903.792281","X","Sources internationales sûres","Data from UNSD AMA"
"MK","Indicateurs macro","73","Géorgie","6110","Valeur (US $)","22008","Produit Intérieur Brut","2013","2013","millions","16140.532208","X","Sources internationales sûres","Data from UNSD AMA"
"MK","Indicateurs macro","81","Ghana","6110","Valeur (US $)","22008","Produit Intérieur Brut","2013","2013","millions","47806.292728","X","Sources internationales sûres","Data from UNSD AMA"
"MK","Indicateurs macro","84","Grèce","6110","Valeur (US $)","22008","Produit Intérieur Brut","2013","2013","millions","239862.01139","X","Sources internationales sûres","Data from UNSD AMA"
"MK","Indicateurs macro","86","Grenade","6110","Valeur (US $)","22008","Produit Intérieur Brut","2013","2013","millions","842.57037","X","Sources internationales sûres","Data from UNSD AMA"
"MK","Indicateurs macro","85","Groenland","6110","Valeur (US $)","22008","Produit Intérieur Brut","2013","2013","millions","2483.391375","X","Sources internationales sûres","Data from UNSD AMA"
"MK","Indicateurs macro","89","Guatemala","6110","Valeur (US $)","22008","Produit Intérieur Brut","2013","2013","millions","53851.058898","X","Sources internationales sûres","Data from UNSD AMA"
"MK","Indicateurs macro","90","Guinée","6110","Valeur (US $)","22008","Produit Intérieur Brut","2013","2013","millions","8376.66783","X","Sources internationales sûres","Data from UNSD AMA"
"MK","Indicateurs macro","61","Guinée équatoriale","6110","Valeur (US $)","22008","Produit Intérieur Brut","2013","2013","millions","21942.596102","X","Sources internationales sûres","Data from UNSD AMA"
"MK","Indicateurs macro","175","Guinée-Bissau","6110","Valeur (US $)","22008","Produit Intérieur Brut","2013","2013","millions","1045.789735","X","Sources internationales sûres","Data from UNSD AMA"
"MK","Indicateurs macro","91","Guyana","6110","Valeur (US $)","22008","Produit Intérieur Brut","2013","2013","millions","2990.006424","X","Sources internationales sûres","Data from UNSD AMA"
"MK","Indicateurs macro","93","Haïti","6110","Valeur (US $)","22008","Produit Intérieur Brut","2013","2013","millions","8386.876588","X","Sources internationales sûres","Data from UNSD AMA"
"MK","Indicateurs macro","95","Honduras","6110","Valeur (US $)","22008","Produit Intérieur Brut","2013","2013","millions","18499.729063","X","Sources internationales sûres","Data from UNSD AMA"
"MK","Indicateurs macro","97","Hongrie","6110","Valeur (US $)","22008","Produit Intérieur Brut","2013","2013","millions","135215.70442","X","Sources internationales sûres","Data from UNSD AMA"
"MK","Indicateurs macro","36","Îles Caïmanes","6110","Valeur (US $)","22008","Produit Intérieur Brut","2013","2013","millions","3478.47986","X","Sources internationales sûres","Data from UNSD AMA"
"MK","Indicateurs macro","47","Îles Cook","6110","Valeur (US $)","22008","Produit Intérieur Brut","2013","2013","millions","301.53977","X","Sources internationales sûres","Data from UNSD AMA"
"MK","Indicateurs macro","127","Îles Marshall","6110","Valeur (US $)","22008","Produit Intérieur Brut","2013","2013","millions","190.991955","X","Sources internationales sûres","Data from UNSD AMA"
"MK","Indicateurs macro","25","Îles Salomon","6110","Valeur (US $)","22008","Produit Intérieur Brut","2013","2013","millions","1057.002882","X","Sources internationales sûres","Data from UNSD AMA"
"MK","Indicateurs macro","224","Îles Turques et Caïques","6110","Valeur (US $)","22008","Produit Intérieur Brut","2013","2013","millions","736.376345","X","Sources internationales sûres","Data from UNSD AMA"
"MK","Indicateurs macro","239","Îles Vierges britanniques","6110","Valeur (US $)","22008","Produit Intérieur Brut","2013","2013","millions","897.4","X","Sources internationales sûres","Data from UNSD AMA"
"MK","Indicateurs macro","100","Inde","6110","Valeur (US $)","22008","Produit Intérieur Brut","2013","2013","millions","1917053.762","X","Sources internationales sûres","Data from UNSD AMA"
"MK","Indicateurs macro","101","Indonésie","6110","Valeur (US $)","22008","Produit Intérieur Brut","2013","2013","millions","912524.13672","X","Sources internationales sûres","Data from UNSD AMA"
"MK","Indicateurs macro","102","Iran (République islamique d')","6110","Valeur (US $)","22008","Produit Intérieur Brut","2013","2013","millions","539465.96143","X","Sources internationales sûres","Data from UNSD AMA"
"MK","Indicateurs macro","103","Iraq","6110","Valeur (US $)","22008","Produit Intérieur Brut","2013","2013","millions","207123.56098","X","Sources internationales sûres","Data from UNSD AMA"
"MK","Indicateurs macro","104","Irlande","6110","Valeur (US $)","22008","Produit Intérieur Brut","2013","2013","millions","239389.33674","X","Sources internationales sûres","Data from UNSD AMA"
"MK","Indicateurs macro","99","Islande","6110","Valeur (US $)","22008","Produit Intérieur Brut","2013","2013","millions","15548.319381","X","Sources internationales sûres","Data from UNSD AMA"
"MK","Indicateurs macro","105","Israël","6110","Valeur (US $)","22008","Produit Intérieur Brut","2013","2013","millions","292492.20457","X","Sources internationales sûres","Data from UNSD AMA"
"MK","Indicateurs macro","106","Italie","6110","Valeur (US $)","22008","Produit Intérieur Brut","2013","2013","millions","2130491.2696","X","Sources internationales sûres","Data from UNSD AMA"
"MK","Indicateurs macro","109","Jamaïque","6110","Valeur (US $)","22008","Produit Intérieur Brut","2013","2013","millions","14274.990961","X","Sources internationales sûres","Data from UNSD AMA"
"MK","Indicateurs macro","110","Japon","6110","Valeur (US $)","22008","Produit Intérieur Brut","2013","2013","millions","5155717.0563","X","Sources internationales sûres","Data from UNSD AMA"
"MK","Indicateurs macro","112","Jordanie","6110","Valeur (US $)","22008","Produit Intérieur Brut","2013","2013","millions","33593.843627","X","Sources internationales sûres","Data from UNSD AMA"
"MK","Indicateurs macro","108","Kazakhstan","6110","Valeur (US $)","22008","Produit Intérieur Brut","2013","2013","millions","236634.60393","X","Sources internationales sûres","Data from UNSD AMA"
"MK","Indicateurs macro","114","Kenya","6110","Valeur (US $)","22008","Produit Intérieur Brut","2013","2013","millions","55100.795745","X","Sources internationales sûres","Data from UNSD AMA"
"MK","Indicateurs macro","113","Kirghizistan","6110","Valeur (US $)","22008","Produit Intérieur Brut","2013","2013","millions","7335.033799","X","Sources internationales sûres","Data from UNSD AMA"
"MK","Indicateurs macro","83","Kiribati","6110","Valeur (US $)","22008","Produit Intérieur Brut","2013","2013","millions","182.871899","X","Sources internationales sûres","Data from UNSD AMA"
"MK","Indicateurs macro","275","Kosovo","6110","Valeur (US $)","22008","Produit Intérieur Brut","2013","2013","millions","7072.365482","X","Sources internationales sûres","Data from UNSD AMA"
"MK","Indicateurs macro","118","Koweït","6110","Valeur (US $)","22008","Produit Intérieur Brut","2013","2013","millions","174167.62666","X","Sources internationales sûres","Data from UNSD AMA"
"MK","Indicateurs macro","122","Lesotho","6110","Valeur (US $)","22008","Produit Intérieur Brut","2013","2013","millions","2532.409191","X","Sources internationales sûres","Data from UNSD AMA"
"MK","Indicateurs macro","119","Lettonie","6110","Valeur (US $)","22008","Produit Intérieur Brut","2013","2013","millions","30310.447541","X","Sources internationales sûres","Data from UNSD AMA"
"MK","Indicateurs macro","154","l'ex-République yougoslave de Macédoine","6110","Valeur (US $)","22008","Produit Intérieur Brut","2013","2013","millions","10817.71203","X","Sources internationales sûres","Data from UNSD AMA"
"MK","Indicateurs macro","121","Liban","6110","Valeur (US $)","22008","Produit Intérieur Brut","2013","2013","millions","46014.195688","X","Sources internationales sûres","Data from UNSD AMA"
"MK","Indicateurs macro","123","Libéria","6110","Valeur (US $)","22008","Produit Intérieur Brut","2013","2013","millions","1936","X","Sources internationales sûres","Data from UNSD AMA"
"MK","Indicateurs macro","124","Libye","6110","Valeur (US $)","22008","Produit Intérieur Brut","2013","2013","millions","65825.571415","X","Sources internationales sûres","Data from UNSD AMA"
"MK","Indicateurs macro","125","Liechtenstein","6110","Valeur (US $)","22008","Produit Intérieur Brut","2013","2013","millions","6391.711429","X","Sources internationales sûres","Data from UNSD AMA"
"MK","Indicateurs macro","126","Lituanie","6110","Valeur (US $)","22008","Produit Intérieur Brut","2013","2013","millions","46408.411887","X","Sources internationales sûres","Data from UNSD AMA"
"MK","Indicateurs macro","256","Luxembourg","6110","Valeur (US $)","22008","Produit Intérieur Brut","2013","2013","millions","61739.352212","X","Sources internationales sûres","Data from UNSD AMA"
"MK","Indicateurs macro","129","Madagascar","6110","Valeur (US $)","22008","Produit Intérieur Brut","2013","2013","millions","13032.756769","X","Sources internationales sûres","Data from UNSD AMA"
"MK","Indicateurs macro","131","Malaisie","6110","Valeur (US $)","22008","Produit Intérieur Brut","2013","2013","millions","323276.28168","X","Sources internationales sûres","Data from UNSD AMA"
"MK","Indicateurs macro","130","Malawi","6110","Valeur (US $)","22008","Produit Intérieur Brut","2013","2013","millions","5216.964826","X","Sources internationales sûres","Data from UNSD AMA"
"MK","Indicateurs macro","132","Maldives","6110","Valeur (US $)","22008","Produit Intérieur Brut","2013","2013","millions","2795.144341","X","Sources internationales sûres","Data from UNSD AMA"
"MK","Indicateurs macro","133","Mali","6110","Valeur (US $)","22008","Produit Intérieur Brut","2013","2013","millions","13245.776666","X","Sources internationales sûres","Data from UNSD AMA"
"MK","Indicateurs macro","134","Malte","6110","Valeur (US $)","22008","Produit Intérieur Brut","2013","2013","millions","10146.460648","X","Sources internationales sûres","Data from UNSD AMA"
"MK","Indicateurs macro","143","Maroc","6110","Valeur (US $)","22008","Produit Intérieur Brut","2013","2013","millions","106825.60009","X","Sources internationales sûres","Data from UNSD AMA"
"MK","Indicateurs macro","137","Maurice","6110","Valeur (US $)","22008","Produit Intérieur Brut","2013","2013","millions","12129.658758","X","Sources internationales sûres","Data from UNSD AMA"
"MK","Indicateurs macro","136","Mauritanie","6110","Valeur (US $)","22008","Produit Intérieur Brut","2013","2013","millions","5640.516826","X","Sources internationales sûres","Data from UNSD AMA"
"MK","Indicateurs macro","138","Mexique","6110","Valeur (US $)","22008","Produit Intérieur Brut","2013","2013","millions","1274443.9163","X","Sources internationales sûres","Data from UNSD AMA"
"MK","Indicateurs macro","145","Micronésie (États fédérés de)","6110","Valeur (US $)","22008","Produit Intérieur Brut","2013","2013","millions","316.040628","X","Sources internationales sûres","Data from UNSD AMA"
"MK","Indicateurs macro","140","Monaco","6110","Valeur (US $)","22008","Produit Intérieur Brut","2013","2013","millions","6553.727444","X","Sources internationales sûres","Data from UNSD AMA"
"MK","Indicateurs macro","141","Mongolie","6110","Valeur (US $)","22008","Produit Intérieur Brut","2013","2013","millions","12582.122627","X","Sources internationales sûres","Data from UNSD AMA"
"MK","Indicateurs macro","273","Monténégro","6110","Valeur (US $)","22008","Produit Intérieur Brut","2013","2013","millions","4464.501106","X","Sources internationales sûres","Data from UNSD AMA"
"MK","Indicateurs macro","142","Montserrat","6110","Valeur (US $)","22008","Produit Intérieur Brut","2013","2013","millions","59.485185","X","Sources internationales sûres","Data from UNSD AMA"
"MK","Indicateurs macro","144","Mozambique","6110","Valeur (US $)","22008","Produit Intérieur Brut","2013","2013","millions","16018.856302","X","Sources internationales sûres","Data from UNSD AMA"
"MK","Indicateurs macro","28","Myanmar","6110","Valeur (US $)","22008","Produit Intérieur Brut","2013","2013","millions","62139.52638","X","Sources internationales sûres","Data from UNSD AMA"
"MK","Indicateurs macro","147","Namibie","6110","Valeur (US $)","22008","Produit Intérieur Brut","2013","2013","millions","12717.848403","X","Sources internationales sûres","Data from UNSD AMA"
"MK","Indicateurs macro","148","Nauru","6110","Valeur (US $)","22008","Produit Intérieur Brut","2013","2013","millions","101.498366","X","Sources internationales sûres","Data from UNSD AMA"
"MK","Indicateurs macro","149","Népal","6110","Valeur (US $)","22008","Produit Intérieur Brut","2013","2013","millions","18227.220589","X","Sources internationales sûres","Data from UNSD AMA"
"MK","Indicateurs macro","157","Nicaragua","6110","Valeur (US $)","22008","Produit Intérieur Brut","2013","2013","millions","10982.988173","X","Sources internationales sûres","Data from UNSD AMA"
"MK","Indicateurs macro","158","Niger","6110","Valeur (US $)","22008","Produit Intérieur Brut","2013","2013","millions","7667.949382","X","Sources internationales sûres","Data from UNSD AMA"
"MK","Indicateurs macro","159","Nigéria","6110","Valeur (US $)","22008","Produit Intérieur Brut","2013","2013","millions","514966.20548","X","Sources internationales sûres","Data from UNSD AMA"
"MK","Indicateurs macro","162","Norvège","6110","Valeur (US $)","22008","Produit Intérieur Brut","2013","2013","millions","523502.12766","X","Sources internationales sûres","Data from UNSD AMA"
"MK","Indicateurs macro","153","Nouvelle-Calédonie","6110","Valeur (US $)","22008","Produit Intérieur Brut","2013","2013","millions","10041.883611","X","Sources internationales sûres","Data from UNSD AMA"
"MK","Indicateurs macro","156","Nouvelle-Zélande","6110","Valeur (US $)","22008","Produit Intérieur Brut","2013","2013","millions","190784.38469","X","Sources internationales sûres","Data from UNSD AMA"
"MK","Indicateurs macro","221","Oman","6110","Valeur (US $)","22008","Produit Intérieur Brut","2013","2013","millions","78938.585285","X","Sources internationales sûres","Data from UNSD AMA"
"MK","Indicateurs macro","226","Ouganda","6110","Valeur (US $)","22008","Produit Intérieur Brut","2013","2013","millions","25808.492138","X","Sources internationales sûres","Data from UNSD AMA"
"MK","Indicateurs macro","235","Ouzbékistan","6110","Valeur (US $)","22008","Produit Intérieur Brut","2013","2013","millions","58057.643809","X","Sources internationales sûres","Data from UNSD AMA"
"MK","Indicateurs macro","165","Pakistan","6110","Valeur (US $)","22008","Produit Intérieur Brut","2013","2013","millions","220268.61626","X","Sources internationales sûres","Data from UNSD AMA"
"MK","Indicateurs macro","180","Palaos","6110","Valeur (US $)","22008","Produit Intérieur Brut","2013","2013","millions","228.012","X","Sources internationales sûres","Data from UNSD AMA"
"MK","Indicateurs macro","166","Panama","6110","Valeur (US $)","22008","Produit Intérieur Brut","2013","2013","millions","44856.189494","X","Sources internationales sûres","Data from UNSD AMA"
"MK","Indicateurs macro","168","Papouasie-Nouvelle-Guinée","6110","Valeur (US $)","22008","Produit Intérieur Brut","2013","2013","millions","21144.481424","X","Sources internationales sûres","Data from UNSD AMA"
"MK","Indicateurs macro","169","Paraguay","6110","Valeur (US $)","22008","Produit Intérieur Brut","2013","2013","millions","28965.906726","X","Sources internationales sûres","Data from UNSD AMA"
"MK","Indicateurs macro","150","Pays-Bas","6110","Valeur (US $)","22008","Produit Intérieur Brut","2013","2013","millions","866680.00037","X","Sources internationales sûres","Data from UNSD AMA"
"MK","Indicateurs macro","170","Pérou","6110","Valeur (US $)","22008","Produit Intérieur Brut","2013","2013","millions","201217.73418","X","Sources internationales sûres","Data from UNSD AMA"
"MK","Indicateurs macro","171","Philippines","6110","Valeur (US $)","22008","Produit Intérieur Brut","2013","2013","millions","271836.22087","X","Sources internationales sûres","Data from UNSD AMA"
"MK","Indicateurs macro","173","Pologne","6110","Valeur (US $)","22008","Produit Intérieur Brut","2013","2013","millions","524231.55819","X","Sources internationales sûres","Data from UNSD AMA"
"MK","Indicateurs macro","70","Polynésie française","6110","Valeur (US $)","22008","Produit Intérieur Brut","2013","2013","millions","6030.112753","X","Sources internationales sûres","Data from UNSD AMA"
"MK","Indicateurs macro","177","Porto Rico","6110","Valeur (US $)","22008","Produit Intérieur Brut","2013","2013","millions","102450","X","Sources internationales sûres","Data from UNSD AMA"
"MK","Indicateurs macro","174","Portugal","6110","Valeur (US $)","22008","Produit Intérieur Brut","2013","2013","millions","226073.49297","X","Sources internationales sûres","Data from UNSD AMA"
"MK","Indicateurs macro","179","Qatar","6110","Valeur (US $)","22008","Produit Intérieur Brut","2013","2013","millions","198727.74725","X","Sources internationales sûres","Data from UNSD AMA"
"MK","Indicateurs macro","212","République arabe syrienne","6110","Valeur (US $)","22008","Produit Intérieur Brut","2013","2013","millions","31666.62667","X","Sources internationales sûres","Data from UNSD AMA"
"MK","Indicateurs macro","37","République centrafricaine","6110","Valeur (US $)","22008","Produit Intérieur Brut","2013","2013","millions","1565.488523","X","Sources internationales sûres","Data from UNSD AMA"
"MK","Indicateurs macro","117","République de Corée","6110","Valeur (US $)","22008","Produit Intérieur Brut","2013","2013","millions","1305604.9614","X","Sources internationales sûres","Data from UNSD AMA"
"MK","Indicateurs macro","146","République de Moldova","6110","Valeur (US $)","22008","Produit Intérieur Brut","2013","2013","millions","7985.414897","X","Sources internationales sûres","Data from UNSD AMA"
"MK","Indicateurs macro","250","République démocratique du Congo","6110","Valeur (US $)","22008","Produit Intérieur Brut","2013","2013","millions","32671.706985","X","Sources internationales sûres","Data from UNSD AMA"
"MK","Indicateurs macro","120","République démocratique populaire lao","6110","Valeur (US $)","22008","Produit Intérieur Brut","2013","2013","millions","11942.230508","X","Sources internationales sûres","Data from UNSD AMA"
"MK","Indicateurs macro","56","République dominicaine","6110","Valeur (US $)","22008","Produit Intérieur Brut","2013","2013","millions","61965.876967","X","Sources internationales sûres","Data from UNSD AMA"
"MK","Indicateurs macro","116","République populaire démocratique de Corée","6110","Valeur (US $)","22008","Produit Intérieur Brut","2013","2013","millions","16565.034101","X","Sources internationales sûres","Data from UNSD AMA"
"MK","Indicateurs macro","215","République-Unie de Tanzanie","6110","Valeur (US $)","22008","Produit Intérieur Brut","2013","2013","millions","45489.35977","X","Sources internationales sûres","Data from UNSD AMA"
"MK","Indicateurs macro","183","Roumanie","6110","Valeur (US $)","22008","Produit Intérieur Brut","2013","2013","millions","191548.06561","X","Sources internationales sûres","Data from UNSD AMA"
"MK","Indicateurs macro","229","Royaume-Uni","6110","Valeur (US $)","22008","Produit Intérieur Brut","2013","2013","millions","2739818.6809","X","Sources internationales sûres","Data from UNSD AMA"
"MK","Indicateurs macro","184","Rwanda","6110","Valeur (US $)","22008","Produit Intérieur Brut","2013","2013","millions","7622.526729","X","Sources internationales sûres","Data from UNSD AMA"
"MK","Indicateurs macro","189","Sainte-Lucie","6110","Valeur (US $)","22008","Produit Intérieur Brut","2013","2013","millions","1335.681482","X","Sources internationales sûres","Data from UNSD AMA"
"MK","Indicateurs macro","188","Saint-Kitts-et-Nevis","6110","Valeur (US $)","22008","Produit Intérieur Brut","2013","2013","millions","788.163899","X","Sources internationales sûres","Data from UNSD AMA"
"MK","Indicateurs macro","192","Saint-Marin","6110","Valeur (US $)","22008","Produit Intérieur Brut","2013","2013","millions","1865.014772","X","Sources internationales sûres","Data from UNSD AMA"
"MK","Indicateurs macro","191","Saint-Vincent-et-les Grenadines","6110","Valeur (US $)","22008","Produit Intérieur Brut","2013","2013","millions","721.207407","X","Sources internationales sûres","Data from UNSD AMA"
"MK","Indicateurs macro","244","Samoa","6110","Valeur (US $)","22008","Produit Intérieur Brut","2013","2013","millions","804.580917","X","Sources internationales sûres","Data from UNSD AMA"
"MK","Indicateurs macro","193","Sao Tomé-et-Principe","6110","Valeur (US $)","22008","Produit Intérieur Brut","2013","2013","millions","302.925497","X","Sources internationales sûres","Data from UNSD AMA"
"MK","Indicateurs macro","195","Sénégal","6110","Valeur (US $)","22008","Produit Intérieur Brut","2013","2013","millions","14846.49594","X","Sources internationales sûres","Data from UNSD AMA"
"MK","Indicateurs macro","272","Serbie","6110","Valeur (US $)","22008","Produit Intérieur Brut","2013","2013","millions","45519.637712","X","Sources internationales sûres","Data from UNSD AMA"
"MK","Indicateurs macro","196","Seychelles","6110","Valeur (US $)","22008","Produit Intérieur Brut","2013","2013","millions","1328.089688","X","Sources internationales sûres","Data from UNSD AMA"
"MK","Indicateurs macro","197","Sierra Leone","6110","Valeur (US $)","22008","Produit Intérieur Brut","2013","2013","millions","4920.283148","X","Sources internationales sûres","Data from UNSD AMA"
"MK","Indicateurs macro","200","Singapour","6110","Valeur (US $)","22008","Produit Intérieur Brut","2013","2013","millions","302510.6689","X","Sources internationales sûres","Data from UNSD AMA"
"MK","Indicateurs macro","280","Sint Maarten (Partie Néerlandaise)","6110","Valeur (US $)","22008","Produit Intérieur Brut","2013","2013","millions","1022.919497","X","Sources internationales sûres","Data from UNSD AMA"
"MK","Indicateurs macro","199","Slovaquie","6110","Valeur (US $)","22008","Produit Intérieur Brut","2013","2013","millions","98478.349315","X","Sources internationales sûres","Data from UNSD AMA"
"MK","Indicateurs macro","198","Slovénie","6110","Valeur (US $)","22008","Produit Intérieur Brut","2013","2013","millions","48116.256926","X","Sources internationales sûres","Data from UNSD AMA"
"MK","Indicateurs macro","201","Somalie","6110","Valeur (US $)","22008","Produit Intérieur Brut","2013","2013","millions","1398.765432","X","Sources internationales sûres","Data from UNSD AMA"
"MK","Indicateurs macro","38","Sri Lanka","6110","Valeur (US $)","22008","Produit Intérieur Brut","2013","2013","millions","74317.788943","X","Sources internationales sûres","Data from UNSD AMA"
"MK","Indicateurs macro","210","Suède","6110","Valeur (US $)","22008","Produit Intérieur Brut","2013","2013","millions","578742.00149","X","Sources internationales sûres","Data from UNSD AMA"
"MK","Indicateurs macro","211","Suisse","6110","Valeur (US $)","22008","Produit Intérieur Brut","2013","2013","millions","688504.17343","X","Sources internationales sûres","Data from UNSD AMA"
"MK","Indicateurs macro","207","Suriname","6110","Valeur (US $)","22008","Produit Intérieur Brut","2013","2013","millions","5145.655152","X","Sources internationales sûres","Data from UNSD AMA"
"MK","Indicateurs macro","209","Eswatini","6110","Valeur (US $)","22008","Produit Intérieur Brut","2013","2013","millions","4564.861376","X","Sources internationales sûres","Data from UNSD AMA"
"MK","Indicateurs macro","208","Tadjikistan","6110","Valeur (US $)","22008","Produit Intérieur Brut","2013","2013","millions","8506.19547","X","Sources internationales sûres","Data from UNSD AMA"
"MK","Indicateurs macro","39","Tchad","6110","Valeur (US $)","22008","Produit Intérieur Brut","2013","2013","millions","13807.433574","X","Sources internationales sûres","Data from UNSD AMA"
"MK","Indicateurs macro","167","Tchéquie (la)","6110","Valeur (US $)","22008","Produit Intérieur Brut","2013","2013","millions","209402.445","X","Sources internationales sûres","Data from UNSD AMA"
"MK","Indicateurs macro","299","Territoire palestinien occupé","6110","Valeur (US $)","22008","Produit Intérieur Brut","2013","2013","millions","12476","X","Sources internationales sûres","Data from UNSD AMA"
"MK","Indicateurs macro","216","Thaïlande","6110","Valeur (US $)","22008","Produit Intérieur Brut","2013","2013","millions","420528.83609","X","Sources internationales sûres","Data from UNSD AMA"
"MK","Indicateurs macro","176","Timor-Leste","6110","Valeur (US $)","22008","Produit Intérieur Brut","2013","2013","millions","5644.386783","X","Sources internationales sûres","Data from UNSD AMA"
"MK","Indicateurs macro","217","Togo","6110","Valeur (US $)","22008","Produit Intérieur Brut","2013","2013","millions","4320.427168","X","Sources internationales sûres","Data from UNSD AMA"
"MK","Indicateurs macro","219","Tonga","6110","Valeur (US $)","22008","Produit Intérieur Brut","2013","2013","millions","440.431991","X","Sources internationales sûres","Data from UNSD AMA"
"MK","Indicateurs macro","220","Trinité-et-Tobago","6110","Valeur (US $)","22008","Produit Intérieur Brut","2013","2013","millions","26444.358271","X","Sources internationales sûres","Data from UNSD AMA"
"MK","Indicateurs macro","222","Tunisie","6110","Valeur (US $)","22008","Produit Intérieur Brut","2013","2013","millions","46256.741161","X","Sources internationales sûres","Data from UNSD AMA"
"MK","Indicateurs macro","213","Turkménistan","6110","Valeur (US $)","22008","Produit Intérieur Brut","2013","2013","millions","39197.54386","X","Sources internationales sûres","Data from UNSD AMA"
"MK","Indicateurs macro","223","Turquie","6110","Valeur (US $)","22008","Produit Intérieur Brut","2013","2013","millions","950595.27013","X","Sources internationales sûres","Data from UNSD AMA"
"MK","Indicateurs macro","227","Tuvalu","6110","Valeur (US $)","22008","Produit Intérieur Brut","2013","2013","millions","38.320754","X","Sources internationales sûres","Data from UNSD AMA"
"MK","Indicateurs macro","230","Ukraine","6110","Valeur (US $)","22008","Produit Intérieur Brut","2013","2013","millions","183310.14638","X","Sources internationales sûres","Data from UNSD AMA"
"MK","Indicateurs macro","234","Uruguay","6110","Valeur (US $)","22008","Produit Intérieur Brut","2013","2013","millions","57531.224151","X","Sources internationales sûres","Data from UNSD AMA"
"MK","Indicateurs macro","155","Vanuatu","6110","Valeur (US $)","22008","Produit Intérieur Brut","2013","2013","millions","801.787556","X","Sources internationales sûres","Data from UNSD AMA"
"MK","Indicateurs macro","236","Venezuela (République bolivarienne du)","6110","Valeur (US $)","22008","Produit Intérieur Brut","2013","2013","millions","371338.3217","X","Sources internationales sûres","Data from UNSD AMA"
"MK","Indicateurs macro","237","Viet Nam","6110","Valeur (US $)","22008","Produit Intérieur Brut","2013","2013","millions","171222.02539","X","Sources internationales sûres","Data from UNSD AMA"
"MK","Indicateurs macro","249","Yémen","6110","Valeur (US $)","22008","Produit Intérieur Brut","2013","2013","millions","34755.287255","X","Sources internationales sûres","Data from UNSD AMA"
"MK","Indicateurs macro","251","Zambie","6110","Valeur (US $)","22008","Produit Intérieur Brut","2013","2013","millions","28045.527657","X","Sources internationales sûres","Data from UNSD AMA"
"MK","Indicateurs macro","181","Zimbabwe","6110","Valeur (US $)","22008","Produit Intérieur Brut","2013","2013","millions","15223.528936","X","Sources internationales sûres","Data from UNSD AMA"
